[
{
    "model": "taggit.tag",
    "pk": 1,
    "fields": {
        "name": "infrastructure",
        "slug": "infrastructure"
    }
},
{
    "model": "taggit.tag",
    "pk": 2,
    "fields": {
        "name": "water and sanitation",
        "slug": "water-and-sanitation"
    }
},
{
    "model": "taggit.tag",
    "pk": 3,
    "fields": {
        "name": "drinking water",
        "slug": "drinking-water"
    }
},
{
    "model": "taggit.tag",
    "pk": 4,
    "fields": {
        "name": "temperature",
        "slug": "temperature"
    }
},
{
    "model": "taggit.tag",
    "pk": 5,
    "fields": {
        "name": "weather",
        "slug": "weather"
    }
},
{
    "model": "taggit.tag",
    "pk": 6,
    "fields": {
        "name": "average",
        "slug": "average"
    }
},
{
    "model": "taggit.tag",
    "pk": 7,
    "fields": {
        "name": "mean",
        "slug": "mean"
    }
},
{
    "model": "taggit.tag",
    "pk": 8,
    "fields": {
        "name": "station",
        "slug": "station"
    }
},
{
    "model": "taggit.tag",
    "pk": 9,
    "fields": {
        "name": "rainfall",
        "slug": "rainfall"
    }
},
{
    "model": "taggit.tag",
    "pk": 10,
    "fields": {
        "name": "minimum",
        "slug": "minimum"
    }
},
{
    "model": "taggit.tag",
    "pk": 11,
    "fields": {
        "name": "satellite",
        "slug": "satellite"
    }
},
{
    "model": "taggit.tag",
    "pk": 12,
    "fields": {
        "name": "maximum",
        "slug": "maximum"
    }
},
{
    "model": "taggit.tag",
    "pk": 13,
    "fields": {
        "name": "humidity",
        "slug": "humidity"
    }
},
{
    "model": "taggit.tag",
    "pk": 14,
    "fields": {
        "name": "landcover",
        "slug": "landcover"
    }
},
{
    "model": "taggit.tag",
    "pk": 15,
    "fields": {
        "name": "proportion",
        "slug": "proportion"
    }
},
{
    "model": "taggit.tag",
    "pk": 16,
    "fields": {
        "name": "water bodies",
        "slug": "water-bodies"
    }
},
{
    "model": "taggit.tag",
    "pk": 17,
    "fields": {
        "name": "bare",
        "slug": "bare"
    }
},
{
    "model": "taggit.tag",
    "pk": 18,
    "fields": {
        "name": "sparse",
        "slug": "sparse"
    }
},
{
    "model": "taggit.tag",
    "pk": 19,
    "fields": {
        "name": "shrubland",
        "slug": "shrubland"
    }
},
{
    "model": "taggit.tag",
    "pk": 20,
    "fields": {
        "name": "litchen",
        "slug": "litchen"
    }
},
{
    "model": "taggit.tag",
    "pk": 21,
    "fields": {
        "name": "moss",
        "slug": "moss"
    }
},
{
    "model": "taggit.tag",
    "pk": 22,
    "fields": {
        "name": "wetland",
        "slug": "wetland"
    }
},
{
    "model": "taggit.tag",
    "pk": 23,
    "fields": {
        "name": "forest",
        "slug": "forest"
    }
},
{
    "model": "taggit.tag",
    "pk": 24,
    "fields": {
        "name": "cropland",
        "slug": "cropland"
    }
},
{
    "model": "taggit.tag",
    "pk": 25,
    "fields": {
        "name": "built-up",
        "slug": "built-up"
    }
},
{
    "model": "taggit.tag",
    "pk": 26,
    "fields": {
        "name": "urban",
        "slug": "urban"
    }
},
{
    "model": "taggit.tag",
    "pk": 27,
    "fields": {
        "name": "urbanization",
        "slug": "urbanization"
    }
},
{
    "model": "taggit.taggeditem",
    "pk": 1,
    "fields": {
        "tag": 1,
        "content_type": 7,
        "object_id": 48
    }
},
{
    "model": "taggit.taggeditem",
    "pk": 2,
    "fields": {
        "tag": 2,
        "content_type": 7,
        "object_id": 48
    }
},
{
    "model": "taggit.taggeditem",
    "pk": 3,
    "fields": {
        "tag": 3,
        "content_type": 7,
        "object_id": 48
    }
},
{
    "model": "taggit.taggeditem",
    "pk": 4,
    "fields": {
        "tag": 4,
        "content_type": 7,
        "object_id": 47
    }
},
{
    "model": "taggit.taggeditem",
    "pk": 5,
    "fields": {
        "tag": 5,
        "content_type": 7,
        "object_id": 47
    }
},
{
    "model": "taggit.taggeditem",
    "pk": 6,
    "fields": {
        "tag": 6,
        "content_type": 7,
        "object_id": 47
    }
},
{
    "model": "taggit.taggeditem",
    "pk": 7,
    "fields": {
        "tag": 7,
        "content_type": 7,
        "object_id": 47
    }
},
{
    "model": "taggit.taggeditem",
    "pk": 8,
    "fields": {
        "tag": 8,
        "content_type": 7,
        "object_id": 47
    }
},
{
    "model": "taggit.taggeditem",
    "pk": 9,
    "fields": {
        "tag": 9,
        "content_type": 7,
        "object_id": 23
    }
},
{
    "model": "taggit.taggeditem",
    "pk": 10,
    "fields": {
        "tag": 5,
        "content_type": 7,
        "object_id": 23
    }
},
{
    "model": "taggit.taggeditem",
    "pk": 11,
    "fields": {
        "tag": 10,
        "content_type": 7,
        "object_id": 21
    }
},
{
    "model": "taggit.taggeditem",
    "pk": 12,
    "fields": {
        "tag": 4,
        "content_type": 7,
        "object_id": 21
    }
},
{
    "model": "taggit.taggeditem",
    "pk": 13,
    "fields": {
        "tag": 5,
        "content_type": 7,
        "object_id": 21
    }
},
{
    "model": "taggit.taggeditem",
    "pk": 14,
    "fields": {
        "tag": 10,
        "content_type": 7,
        "object_id": 3
    }
},
{
    "model": "taggit.taggeditem",
    "pk": 15,
    "fields": {
        "tag": 11,
        "content_type": 7,
        "object_id": 3
    }
},
{
    "model": "taggit.taggeditem",
    "pk": 16,
    "fields": {
        "tag": 4,
        "content_type": 7,
        "object_id": 3
    }
},
{
    "model": "taggit.taggeditem",
    "pk": 17,
    "fields": {
        "tag": 5,
        "content_type": 7,
        "object_id": 3
    }
},
{
    "model": "taggit.taggeditem",
    "pk": 18,
    "fields": {
        "tag": 5,
        "content_type": 7,
        "object_id": 2
    }
},
{
    "model": "taggit.taggeditem",
    "pk": 19,
    "fields": {
        "tag": 11,
        "content_type": 7,
        "object_id": 2
    }
},
{
    "model": "taggit.taggeditem",
    "pk": 20,
    "fields": {
        "tag": 12,
        "content_type": 7,
        "object_id": 2
    }
},
{
    "model": "taggit.taggeditem",
    "pk": 21,
    "fields": {
        "tag": 4,
        "content_type": 7,
        "object_id": 2
    }
},
{
    "model": "taggit.taggeditem",
    "pk": 22,
    "fields": {
        "tag": 9,
        "content_type": 7,
        "object_id": 1
    }
},
{
    "model": "taggit.taggeditem",
    "pk": 23,
    "fields": {
        "tag": 11,
        "content_type": 7,
        "object_id": 1
    }
},
{
    "model": "taggit.taggeditem",
    "pk": 24,
    "fields": {
        "tag": 5,
        "content_type": 7,
        "object_id": 1
    }
},
{
    "model": "taggit.taggeditem",
    "pk": 25,
    "fields": {
        "tag": 8,
        "content_type": 7,
        "object_id": 23
    }
},
{
    "model": "taggit.taggeditem",
    "pk": 26,
    "fields": {
        "tag": 8,
        "content_type": 7,
        "object_id": 22
    }
},
{
    "model": "taggit.taggeditem",
    "pk": 27,
    "fields": {
        "tag": 5,
        "content_type": 7,
        "object_id": 22
    }
},
{
    "model": "taggit.taggeditem",
    "pk": 28,
    "fields": {
        "tag": 13,
        "content_type": 7,
        "object_id": 22
    }
},
{
    "model": "taggit.taggeditem",
    "pk": 29,
    "fields": {
        "tag": 8,
        "content_type": 7,
        "object_id": 20
    }
},
{
    "model": "taggit.taggeditem",
    "pk": 30,
    "fields": {
        "tag": 12,
        "content_type": 7,
        "object_id": 20
    }
},
{
    "model": "taggit.taggeditem",
    "pk": 31,
    "fields": {
        "tag": 4,
        "content_type": 7,
        "object_id": 20
    }
},
{
    "model": "taggit.taggeditem",
    "pk": 32,
    "fields": {
        "tag": 16,
        "content_type": 7,
        "object_id": 12
    }
},
{
    "model": "taggit.taggeditem",
    "pk": 33,
    "fields": {
        "tag": 14,
        "content_type": 7,
        "object_id": 12
    }
},
{
    "model": "taggit.taggeditem",
    "pk": 35,
    "fields": {
        "tag": 17,
        "content_type": 7,
        "object_id": 11
    }
},
{
    "model": "taggit.taggeditem",
    "pk": 36,
    "fields": {
        "tag": 18,
        "content_type": 7,
        "object_id": 11
    }
},
{
    "model": "taggit.taggeditem",
    "pk": 37,
    "fields": {
        "tag": 14,
        "content_type": 7,
        "object_id": 11
    }
},
{
    "model": "taggit.taggeditem",
    "pk": 39,
    "fields": {
        "tag": 19,
        "content_type": 7,
        "object_id": 10
    }
},
{
    "model": "taggit.taggeditem",
    "pk": 40,
    "fields": {
        "tag": 14,
        "content_type": 7,
        "object_id": 10
    }
},
{
    "model": "taggit.taggeditem",
    "pk": 42,
    "fields": {
        "tag": 20,
        "content_type": 7,
        "object_id": 9
    }
},
{
    "model": "taggit.taggeditem",
    "pk": 43,
    "fields": {
        "tag": 21,
        "content_type": 7,
        "object_id": 9
    }
},
{
    "model": "taggit.taggeditem",
    "pk": 44,
    "fields": {
        "tag": 14,
        "content_type": 7,
        "object_id": 9
    }
},
{
    "model": "taggit.taggeditem",
    "pk": 47,
    "fields": {
        "tag": 22,
        "content_type": 7,
        "object_id": 8
    }
},
{
    "model": "taggit.taggeditem",
    "pk": 48,
    "fields": {
        "tag": 14,
        "content_type": 7,
        "object_id": 8
    }
},
{
    "model": "taggit.taggeditem",
    "pk": 49,
    "fields": {
        "tag": 22,
        "content_type": 7,
        "object_id": 7
    }
},
{
    "model": "taggit.taggeditem",
    "pk": 50,
    "fields": {
        "tag": 14,
        "content_type": 7,
        "object_id": 7
    }
},
{
    "model": "taggit.taggeditem",
    "pk": 53,
    "fields": {
        "tag": 14,
        "content_type": 7,
        "object_id": 6
    }
},
{
    "model": "taggit.taggeditem",
    "pk": 54,
    "fields": {
        "tag": 23,
        "content_type": 7,
        "object_id": 6
    }
},
{
    "model": "taggit.taggeditem",
    "pk": 55,
    "fields": {
        "tag": 24,
        "content_type": 7,
        "object_id": 5
    }
},
{
    "model": "taggit.taggeditem",
    "pk": 56,
    "fields": {
        "tag": 14,
        "content_type": 7,
        "object_id": 5
    }
},
{
    "model": "taggit.taggeditem",
    "pk": 57,
    "fields": {
        "tag": 15,
        "content_type": 7,
        "object_id": 5
    }
},
{
    "model": "taggit.taggeditem",
    "pk": 58,
    "fields": {
        "tag": 25,
        "content_type": 7,
        "object_id": 4
    }
},
{
    "model": "taggit.taggeditem",
    "pk": 60,
    "fields": {
        "tag": 14,
        "content_type": 7,
        "object_id": 4
    }
},
{
    "model": "taggit.taggeditem",
    "pk": 62,
    "fields": {
        "tag": 27,
        "content_type": 7,
        "object_id": 4
    }
},
{
    "model": "datalayers.category",
    "pk": 1,
    "fields": {
        "created_at": "2024-04-10T15:47:09.686Z",
        "updated_at": "2024-07-24T20:03:42.659Z",
        "name": "Weather",
        "key": "weather",
        "description": ""
    }
},
{
    "model": "datalayers.category",
    "pk": 2,
    "fields": {
        "created_at": "2024-04-10T15:47:09.696Z",
        "updated_at": "2024-07-24T20:03:42.664Z",
        "name": "Environmental",
        "key": "environmental",
        "description": ""
    }
},
{
    "model": "datalayers.category",
    "pk": 3,
    "fields": {
        "created_at": "2024-04-10T15:47:09.696Z",
        "updated_at": "2024-07-24T20:03:42.665Z",
        "name": "Demographic",
        "key": "demographic",
        "description": ""
    }
},
{
    "model": "datalayers.category",
    "pk": 4,
    "fields": {
        "created_at": "2024-04-10T15:47:38.592Z",
        "updated_at": "2024-07-24T20:03:42.666Z",
        "name": "Health",
        "key": "health",
        "description": ""
    }
},
{
    "model": "datalayers.category",
    "pk": 5,
    "fields": {
        "created_at": "2024-07-24T20:04:47.569Z",
        "updated_at": "2024-07-24T20:09:55.234Z",
        "name": "Climatic",
        "key": "climatic",
        "description": ""
    }
},
{
    "model": "datalayers.category",
    "pk": 6,
    "fields": {
        "created_at": "2024-08-02T09:24:24.642Z",
        "updated_at": "2024-08-02T09:24:24.642Z",
        "name": "Infrastructure",
        "key": "istr",
        "description": "Data layer that details the infrastructure aspects of a location"
    }
},
{
    "model": "datalayers.datalayer",
    "pk": 1,
    "fields": {
        "created_at": "2024-04-10T15:47:09.698Z",
        "updated_at": "2024-08-21T07:20:50.819Z",
        "key": "chirps_prcp",
        "name": "Precipitation (satellite)",
        "description": "Derived from satellite data (CHIRPS)",
        "category": 1,
        "date_included": "2023-06-14",
        "operation": "Mean",
        "database_unit": "mm per day",
        "format": "TIFF",
        "format_description": "",
        "format_unit": "mm per day",
        "spatial_details": "5km raster",
        "spatial_coverage": "Tanzania",
        "temporal_details": "Daily",
        "temporal_coverage": "1981-2020",
        "source": "CHIRPS",
        "source_link": "https://www.chc.ucsb.edu/data/chirps",
        "language": "eng",
        "license": "CC-BY-4.0",
        "date_published": "",
        "date_last_accessed": null,
        "citation": "https://doi.org/10.1038/sdata.2015.66",
        "related_to": [
            23
        ]
    }
},
{
    "model": "datalayers.datalayer",
    "pk": 2,
    "fields": {
        "created_at": "2024-04-10T15:47:09.703Z",
        "updated_at": "2024-08-21T07:19:04.015Z",
        "key": "chirts_tmax",
        "name": "Maximum temperature (satellite)",
        "description": "",
        "category": 1,
        "date_included": "2023-06-14",
        "operation": "Mean",
        "database_unit": "Celsius per day",
        "format": "TIFF",
        "format_description": "",
        "format_unit": "Celsius per day",
        "spatial_details": "5km raster",
        "spatial_coverage": "Tanzania",
        "temporal_details": "Daily",
        "temporal_coverage": "1983-2016",
        "source": "CHIRTS",
        "source_link": "https://www.chc.ucsb.edu/data/chirtsdaily",
        "language": "eng",
        "license": "CC0-1.0",
        "date_published": "",
        "date_last_accessed": null,
        "citation": "https://doi.org/10.1175/JCLI-D-18-0698.1",
        "related_to": [
            20
        ]
    }
},
{
    "model": "datalayers.datalayer",
    "pk": 3,
    "fields": {
        "created_at": "2024-04-10T15:47:09.704Z",
        "updated_at": "2024-08-21T07:18:38.508Z",
        "key": "chirts_tmin",
        "name": "Minimum temperature (satellite)",
        "description": "",
        "category": 1,
        "date_included": "2023-06-14",
        "operation": "Mean",
        "database_unit": "Celsius per day",
        "format": "TIFF",
        "format_description": "",
        "format_unit": "Celsius per day",
        "spatial_details": "5km raster",
        "spatial_coverage": "Tanzania",
        "temporal_details": "Daily",
        "temporal_coverage": "1983-2016",
        "source": "CHIRTS",
        "source_link": "https://www.chc.ucsb.edu/data/chirtsdaily",
        "language": "eng",
        "license": "CC0-1.0",
        "date_published": "",
        "date_last_accessed": null,
        "citation": "https://doi.org/10.1175/JCLI-D-18-0698.1",
        "related_to": [
            21
        ]
    }
},
{
    "model": "datalayers.datalayer",
    "pk": 4,
    "fields": {
        "created_at": "2024-04-10T15:47:09.704Z",
        "updated_at": "2024-08-21T09:09:50.277Z",
        "key": "copernicus_built",
        "name": "Urban land cover",
        "description": "you can find follow up years under \"related identifiers/Continued by\"",
        "category": 2,
        "date_included": "2023-06-14",
        "operation": "Proportion within the area of interest",
        "database_unit": "Percentage",
        "format": "TIFF",
        "format_description": "",
        "format_unit": "Binary (0=no, 1=yes)",
        "spatial_details": "0.1km raster",
        "spatial_coverage": "Global",
        "temporal_details": "Annualy",
        "temporal_coverage": "2015-2019",
        "source": "Copernicus",
        "source_link": "https://zenodo.org/record/3939038#.YkLn7y8RrBI",
        "language": "eng",
        "license": "CC-BY-4.0",
        "date_published": "",
        "date_last_accessed": null,
        "citation": "10.3390/rs12061044",
        "related_to": []
    }
},
{
    "model": "datalayers.datalayer",
    "pk": 5,
    "fields": {
        "created_at": "2024-04-10T15:47:09.705Z",
        "updated_at": "2024-08-21T07:26:16.441Z",
        "key": "copernicus_crop",
        "name": "Cropland land cover",
        "description": "you can find follow up years under \"related identifiers/continued by\"",
        "category": 2,
        "date_included": "2023-06-14",
        "operation": "Proportion within the area of interest",
        "database_unit": "Percentage",
        "format": "TIFF",
        "format_description": "",
        "format_unit": "Binary (0=no, 1=yes)",
        "spatial_details": "0.1km raster",
        "spatial_coverage": "Global",
        "temporal_details": "Annualy",
        "temporal_coverage": "2015-2019",
        "source": "Copernicus",
        "source_link": "https://zenodo.org/record/3939038#.YkLn7y8RrBI",
        "language": "eng",
        "license": "CC-BY-4.0",
        "date_published": "",
        "date_last_accessed": null,
        "citation": "10.3390/rs12061044",
        "related_to": []
    }
},
{
    "model": "datalayers.datalayer",
    "pk": 6,
    "fields": {
        "created_at": "2024-04-10T15:47:09.706Z",
        "updated_at": "2024-08-21T09:09:40.970Z",
        "key": "copernicus_forest",
        "name": "Forest land cover",
        "description": "you can find follow up years under \"related identifiers/continued by\"",
        "category": 2,
        "date_included": "2023-06-14",
        "operation": "Proportion within the area of interest",
        "database_unit": "Percentage",
        "format": "TIFF",
        "format_description": "",
        "format_unit": "Binary (0=no, 1=yes)",
        "spatial_details": "0.1km raster",
        "spatial_coverage": "Global",
        "temporal_details": "Annualy",
        "temporal_coverage": "2015-2019",
        "source": "Copernicus",
        "source_link": "https://zenodo.org/record/3939038#.YkLn7y8RrBI",
        "language": "eng",
        "license": "CC-BY-4.0",
        "date_published": "",
        "date_last_accessed": null,
        "citation": "10.3390/rs12061044",
        "related_to": []
    }
},
{
    "model": "datalayers.datalayer",
    "pk": 7,
    "fields": {
        "created_at": "2024-04-10T15:47:09.706Z",
        "updated_at": "2024-08-21T09:08:44.560Z",
        "key": "copernicus_herbveg",
        "name": "Herbaceous wetland land cover",
        "description": "you can find follow up years under \"related identifiers/continued by\"",
        "category": 2,
        "date_included": "2023-06-14",
        "operation": "Proportion within the area of interest",
        "database_unit": "Percentage",
        "format": "TIFF",
        "format_description": "",
        "format_unit": "Binary (0=no, 1=yes)",
        "spatial_details": "0.1km raster",
        "spatial_coverage": "Global",
        "temporal_details": "Annualy",
        "temporal_coverage": "2015-2019",
        "source": "Copernicus",
        "source_link": "https://zenodo.org/record/3939038#.YkLn7y8RrBI",
        "language": "eng",
        "license": "CC-BY-4.0",
        "date_published": "",
        "date_last_accessed": null,
        "citation": "10.3390/rs12061044",
        "related_to": []
    }
},
{
    "model": "datalayers.datalayer",
    "pk": 8,
    "fields": {
        "created_at": "2024-04-10T15:47:09.707Z",
        "updated_at": "2024-08-21T09:08:32.906Z",
        "key": "copernicus_herbwet",
        "name": "Permanent herbaceous wetland land cover",
        "description": "you can find follow up years under \"related identifiers/continued by\"",
        "category": 2,
        "date_included": "2023-06-14",
        "operation": "Proportion within the area of interest",
        "database_unit": "Percentage",
        "format": "TIFF",
        "format_description": "",
        "format_unit": "Binary (0=no, 1=yes)",
        "spatial_details": "0.1km raster",
        "spatial_coverage": "Global",
        "temporal_details": "Annualy",
        "temporal_coverage": "2015-2019",
        "source": "Copernicus",
        "source_link": "https://zenodo.org/record/3939038#.YkLn7y8RrBI",
        "language": "eng",
        "license": "CC-BY-4.0",
        "date_published": "",
        "date_last_accessed": null,
        "citation": "10.3390/rs12061044",
        "related_to": []
    }
},
{
    "model": "datalayers.datalayer",
    "pk": 9,
    "fields": {
        "created_at": "2024-04-10T15:47:09.707Z",
        "updated_at": "2024-08-21T09:08:23.631Z",
        "key": "copernicus_moss",
        "name": "Moss and litchen land cover",
        "description": "you can find follow up years under \"related identifiers/continued by\"",
        "category": 2,
        "date_included": "2023-06-14",
        "operation": "Proportion within the area of interest",
        "database_unit": "Percentage",
        "format": "TIFF",
        "format_description": "",
        "format_unit": "Binary (0=no, 1=yes)",
        "spatial_details": "0.1km raster",
        "spatial_coverage": "Global",
        "temporal_details": "Annualy",
        "temporal_coverage": "2015-2019",
        "source": "Copernicus",
        "source_link": "https://zenodo.org/record/3939038#.YkLn7y8RrBI",
        "language": "eng",
        "license": "CC-BY-4.0",
        "date_published": "",
        "date_last_accessed": null,
        "citation": "10.3390/rs12061044",
        "related_to": []
    }
},
{
    "model": "datalayers.datalayer",
    "pk": 10,
    "fields": {
        "created_at": "2024-04-10T15:47:09.708Z",
        "updated_at": "2024-08-21T09:08:12.894Z",
        "key": "copernicus_shrub",
        "name": "Shrubland land cover",
        "description": "you can find follow up years under \"related identifiers/continued by\"",
        "category": 2,
        "date_included": "2023-06-14",
        "operation": "Proportion within the area of interest",
        "database_unit": "Percentage",
        "format": "TIFF",
        "format_description": "",
        "format_unit": "Binary (0=no, 1=yes)",
        "spatial_details": "0.1km raster",
        "spatial_coverage": "Global",
        "temporal_details": "Annualy",
        "temporal_coverage": "2015-2019",
        "source": "Copernicus",
        "source_link": "https://zenodo.org/record/3939038#.YkLn7y8RrBI",
        "language": "eng",
        "license": "CC-BY-4.0",
        "date_published": "",
        "date_last_accessed": null,
        "citation": "10.3390/rs12061044",
        "related_to": []
    }
},
{
    "model": "datalayers.datalayer",
    "pk": 11,
    "fields": {
        "created_at": "2024-04-10T15:47:09.709Z",
        "updated_at": "2024-08-21T09:08:03.204Z",
        "key": "copernicus_sparse",
        "name": "Bare and sparse land cover",
        "description": "you can find follow up years under \"related identifiers/Continued by\"",
        "category": 2,
        "date_included": "2023-06-14",
        "operation": "Proportion within the area of interest",
        "database_unit": "Percentage",
        "format": "TIFF",
        "format_description": "",
        "format_unit": "Binary (0=no, 1=yes)",
        "spatial_details": "0.1km raster",
        "spatial_coverage": "Global",
        "temporal_details": "Annualy",
        "temporal_coverage": "2015-2019",
        "source": "Copernicus",
        "source_link": "https://zenodo.org/record/3939038#.YkLn7y8RrBI",
        "language": "eng",
        "license": "CC-BY-4.0",
        "date_published": "",
        "date_last_accessed": null,
        "citation": "10.3390/rs12061044",
        "related_to": []
    }
},
{
    "model": "datalayers.datalayer",
    "pk": 12,
    "fields": {
        "created_at": "2024-04-10T15:47:09.709Z",
        "updated_at": "2024-08-21T09:07:45.492Z",
        "key": "copernicus_water",
        "name": "Permanent water bodies land cover",
        "description": "you can find follow up years under \"related identifiers/continued by\"",
        "category": 2,
        "date_included": "2023-06-14",
        "operation": "Proportion within the area of interest",
        "database_unit": "Percentage",
        "format": "TIFF",
        "format_description": "",
        "format_unit": "Binary (0=no, 1=yes)",
        "spatial_details": "0.1km raster",
        "spatial_coverage": "Global",
        "temporal_details": "Annualy",
        "temporal_coverage": "2015-2019",
        "source": "Copernicus",
        "source_link": "https://zenodo.org/record/3939038#.YkLn7y8RrBI",
        "language": "eng",
        "license": "CC-BY-4.0",
        "date_published": "",
        "date_last_accessed": null,
        "citation": "10.3390/rs12061044",
        "related_to": []
    }
},
{
    "model": "datalayers.datalayer",
    "pk": 20,
    "fields": {
        "created_at": "2024-04-10T15:47:09.713Z",
        "updated_at": "2024-08-21T07:22:12.165Z",
        "key": "meteo_tmax",
        "name": "Maximum temperature (station)",
        "description": "Derived from local weather stations",
        "category": 1,
        "date_included": "2023-06-14",
        "operation": "Maximum",
        "database_unit": "Celsius per day",
        "format": "API",
        "format_description": "",
        "format_unit": "Celsius per day",
        "spatial_details": "Coordinates",
        "spatial_coverage": "Ghana",
        "temporal_details": "Daily/Hourly",
        "temporal_coverage": "Depends on weather station",
        "source": "Meteostat",
        "source_link": "https://dev.meteostat.net/python/stations.html",
        "language": "eng",
        "license": "CC-BY-NC-4.0",
        "date_published": "",
        "date_last_accessed": null,
        "citation": "",
        "related_to": [
            2,
            47
        ]
    }
},
{
    "model": "datalayers.datalayer",
    "pk": 21,
    "fields": {
        "created_at": "2024-04-10T15:47:09.714Z",
        "updated_at": "2024-08-21T07:18:11.029Z",
        "key": "meteo_tmin",
        "name": "Minimum temperature (station)",
        "description": "",
        "category": 1,
        "date_included": "2023-06-14",
        "operation": "Minimum",
        "database_unit": "Celsius per day",
        "format": "API",
        "format_description": "",
        "format_unit": "Celsius per day",
        "spatial_details": "Coordinates",
        "spatial_coverage": "Ghana",
        "temporal_details": "Daily/Hourly",
        "temporal_coverage": "Depends on weather station",
        "source": "Meteostat",
        "source_link": "https://dev.meteostat.net/python/stations.html",
        "language": "eng",
        "license": "CC-BY-NC-4.0",
        "date_published": "",
        "date_last_accessed": null,
        "citation": "",
        "related_to": [
            3,
            47
        ]
    }
},
{
    "model": "datalayers.datalayer",
    "pk": 22,
    "fields": {
        "created_at": "2024-04-10T15:47:09.715Z",
        "updated_at": "2024-08-21T07:21:37.746Z",
        "key": "meteo_rhum",
        "name": "Relative humidity (station)",
        "description": "",
        "category": 1,
        "date_included": "2023-06-14",
        "operation": "Mean",
        "database_unit": "Mean percent per day",
        "format": "API",
        "format_description": "",
        "format_unit": "Mean percent per day",
        "spatial_details": "Coordinates",
        "spatial_coverage": "Ghana",
        "temporal_details": "Daily/Hourly",
        "temporal_coverage": "Depends on weather station",
        "source": "Meteostat",
        "source_link": "https://dev.meteostat.net/python/stations.html",
        "language": "eng",
        "license": "CC-BY-NC-4.0",
        "date_published": "",
        "date_last_accessed": null,
        "citation": "",
        "related_to": []
    }
},
{
    "model": "datalayers.datalayer",
    "pk": 23,
    "fields": {
        "created_at": "2024-04-10T15:47:09.716Z",
        "updated_at": "2024-08-21T07:20:34.261Z",
        "key": "meteo_prcp",
        "name": "Precipitation (station)",
        "description": "Derived from local weather station data",
        "category": 1,
        "date_included": "2023-06-14",
        "operation": "Sum",
        "database_unit": "mm per day",
        "format": "API",
        "format_description": "",
        "format_unit": "mm per day",
        "spatial_details": "Coordinates",
        "spatial_coverage": "Ghana",
        "temporal_details": "Daily/Hourly",
        "temporal_coverage": "Depends on weather station",
        "source": "Meteostat",
        "source_link": "https://dev.meteostat.net/python/stations.html",
        "language": "eng",
        "license": "CC-BY-NC-4.0",
        "date_published": "",
        "date_last_accessed": null,
        "citation": "",
        "related_to": [
            1
        ]
    }
},
{
    "model": "datalayers.datalayer",
    "pk": 24,
    "fields": {
        "created_at": "2024-04-10T15:47:09.716Z",
        "updated_at": "2024-05-23T10:50:02.205Z",
        "key": "worldpop_popc",
        "name": "Population count",
        "description": "",
        "category": 3,
        "date_included": "2023-06-14",
        "operation": "Count",
        "database_unit": "Population count per area",
        "format": "TIFF",
        "format_description": "",
        "format_unit": "Population count per grid",
        "spatial_details": "0.1km raster",
        "spatial_coverage": "Ghana",
        "temporal_details": "Annualy",
        "temporal_coverage": "2000-2020",
        "source": "Worldpop",
        "source_link": "https://www.worldpop.org/geodata/listing?id=69",
        "language": "eng",
        "license": "CC-BY-4.0",
        "date_published": "",
        "date_last_accessed": null,
        "citation": "",
        "related_to": []
    }
},
{
    "model": "datalayers.datalayer",
    "pk": 25,
    "fields": {
        "created_at": "2024-04-10T15:47:09.717Z",
        "updated_at": "2024-05-23T10:53:59.131Z",
        "key": "worldpop_popd",
        "name": "Population density",
        "description": "",
        "category": 3,
        "date_included": "2023-06-14",
        "operation": "Mean",
        "database_unit": "Population count per area",
        "format": "TIFF",
        "format_description": "",
        "format_unit": "Population count per km^2",
        "spatial_details": "1km raster",
        "spatial_coverage": "Ghana",
        "temporal_details": "Annualy",
        "temporal_coverage": "2000-2020",
        "source": "Worldpop",
        "source_link": "https://www.worldpop.org/project/categories?id=18",
        "language": "eng",
        "license": "CC-BY-4.0",
        "date_published": "",
        "date_last_accessed": null,
        "citation": "WorldPop (www.worldpop.org - School of Geography and Environmental Science, University of Southampton; Department of Geography and Geosciences, University of Louisville; Departement de Geographie, Universite de Namur) and Center for International Earth Science Information Network (CIESIN), Columbia University (2018). Global High Resolution Population Denominators Project - Funded by The Bill and Melinda Gates Foundation (OPP1134076). https://dx.doi.org/10.5258/SOTON/WP00675",
        "related_to": []
    }
},
{
    "model": "datalayers.datalayer",
    "pk": 27,
    "fields": {
        "created_at": "2024-04-10T15:48:45.929Z",
        "updated_at": "2024-08-21T07:19:31.202Z",
        "key": "healthsitesio_facilities",
        "name": "Health facilities",
        "description": "Health facilities sourced from OpenStreetMap",
        "category": 4,
        "date_included": null,
        "operation": "Count",
        "database_unit": "",
        "format": "SHP",
        "format_description": "",
        "format_unit": "",
        "spatial_details": "Coordinates",
        "spatial_coverage": "Ghana",
        "temporal_details": "Latest",
        "temporal_coverage": "Present",
        "source": "Healthsites.io",
        "source_link": "https://healthsites.io/map?country=Ghana",
        "language": "eng",
        "license": "ODbL-1.0",
        "date_published": "",
        "date_last_accessed": null,
        "citation": "",
        "related_to": []
    }
},
{
    "model": "datalayers.datalayer",
    "pk": 28,
    "fields": {
        "created_at": "2024-05-13T16:53:15.094Z",
        "updated_at": "2024-08-21T07:15:43.949Z",
        "key": "malariaatlas_traveltimehc",
        "name": "Travel time to nearest health facility (motorized)",
        "description": "",
        "category": 3,
        "date_included": "2024-05-13",
        "operation": "Mean",
        "database_unit": "minutes",
        "format": "TIFF",
        "format_description": "Travel time (minutes) to nearest health care facility using motorized transport",
        "format_unit": "",
        "spatial_details": "1km raster",
        "spatial_coverage": "Global",
        "temporal_details": "Annualy",
        "temporal_coverage": "2019",
        "source": "Malaria Atlas",
        "source_link": "https://data.malariaatlas.org/maps?layers=Accessibility:202001_Global_Motorized_Travel_Time_to_Healthcare",
        "language": "eng",
        "license": "CC-BY-3.0",
        "date_published": "2020",
        "date_last_accessed": "2024-05-13",
        "citation": "Weiss, D.J., Nelson, A., Vargas-Ruiz, C.A. et al. Global maps of travel time to healthcare facilities. Nat Med 26, 1835–1838 (2020). https://doi.org/10.1038/s41591-020-1059-1",
        "related_to": []
    }
},
{
    "model": "datalayers.datalayer",
    "pk": 29,
    "fields": {
        "created_at": "2024-05-28T14:09:31.608Z",
        "updated_at": "2024-08-21T07:21:14.526Z",
        "key": "era5_t2m",
        "name": "ERA5 Temperature 2m (test)",
        "description": "Derived from satellite data (ERA5)",
        "category": 1,
        "date_included": null,
        "operation": "",
        "database_unit": "",
        "format": "",
        "format_description": "",
        "format_unit": "",
        "spatial_details": "",
        "spatial_coverage": "",
        "temporal_details": "",
        "temporal_coverage": "",
        "source": "",
        "source_link": "",
        "language": "",
        "license": "",
        "date_published": "",
        "date_last_accessed": null,
        "citation": "",
        "related_to": []
    }
},
{
    "model": "datalayers.datalayer",
    "pk": 30,
    "fields": {
        "created_at": "2024-07-05T12:42:37.708Z",
        "updated_at": "2024-08-21T07:16:24.897Z",
        "key": "osm_river",
        "name": "Rivers",
        "description": "",
        "category": null,
        "date_included": null,
        "operation": "",
        "database_unit": "",
        "format": "",
        "format_description": "",
        "format_unit": "",
        "spatial_details": "",
        "spatial_coverage": "",
        "temporal_details": "",
        "temporal_coverage": "",
        "source": "",
        "source_link": "",
        "language": "",
        "license": "",
        "date_published": "",
        "date_last_accessed": null,
        "citation": "",
        "related_to": []
    }
},
{
    "model": "datalayers.datalayer",
    "pk": 33,
    "fields": {
        "created_at": "2024-07-24T08:21:38.004Z",
        "updated_at": "2024-08-21T07:27:09.809Z",
        "key": "koeppen_af",
        "name": "Tropical, rainforest climate coverage",
        "description": "",
        "category": 5,
        "date_included": null,
        "operation": "",
        "database_unit": "",
        "format": "GeoTiff",
        "format_description": "",
        "format_unit": "",
        "spatial_details": "",
        "spatial_coverage": "",
        "temporal_details": "",
        "temporal_coverage": "",
        "source": "",
        "source_link": "",
        "language": "",
        "license": "",
        "date_published": "",
        "date_last_accessed": null,
        "citation": "",
        "related_to": []
    }
},
{
    "model": "datalayers.datalayer",
    "pk": 34,
    "fields": {
        "created_at": "2024-07-24T08:46:16.308Z",
        "updated_at": "2024-07-25T08:20:34.614Z",
        "key": "koeppen_am",
        "name": "Tropical, monsoon climate coverage",
        "description": "",
        "category": 5,
        "date_included": null,
        "operation": "",
        "database_unit": "",
        "format": "GeoTiff",
        "format_description": "",
        "format_unit": "",
        "spatial_details": "",
        "spatial_coverage": "",
        "temporal_details": "",
        "temporal_coverage": "",
        "source": "",
        "source_link": "",
        "language": "",
        "license": "",
        "date_published": "",
        "date_last_accessed": null,
        "citation": "",
        "related_to": []
    }
},
{
    "model": "datalayers.datalayer",
    "pk": 35,
    "fields": {
        "created_at": "2024-07-24T08:47:19.151Z",
        "updated_at": "2024-07-25T08:20:34.614Z",
        "key": "koeppen_aw",
        "name": "Tropical, savannah climate coverage",
        "description": "",
        "category": 5,
        "date_included": null,
        "operation": "",
        "database_unit": "",
        "format": "GeoTiff",
        "format_description": "",
        "format_unit": "",
        "spatial_details": "",
        "spatial_coverage": "",
        "temporal_details": "",
        "temporal_coverage": "",
        "source": "",
        "source_link": "",
        "language": "",
        "license": "",
        "date_published": "",
        "date_last_accessed": null,
        "citation": "",
        "related_to": []
    }
},
{
    "model": "datalayers.datalayer",
    "pk": 36,
    "fields": {
        "created_at": "2024-07-24T08:48:01.300Z",
        "updated_at": "2024-07-25T08:20:34.615Z",
        "key": "koeppen_bw",
        "name": "Arid, desert climate coverage",
        "description": "",
        "category": 5,
        "date_included": null,
        "operation": "",
        "database_unit": "",
        "format": "GeoTiff",
        "format_description": "",
        "format_unit": "",
        "spatial_details": "",
        "spatial_coverage": "",
        "temporal_details": "",
        "temporal_coverage": "",
        "source": "",
        "source_link": "",
        "language": "",
        "license": "",
        "date_published": "",
        "date_last_accessed": null,
        "citation": "",
        "related_to": []
    }
},
{
    "model": "datalayers.datalayer",
    "pk": 37,
    "fields": {
        "created_at": "2024-07-24T11:08:13.707Z",
        "updated_at": "2024-07-25T08:20:34.615Z",
        "key": "koeppen_bs",
        "name": "Arid, steppe climate coverage",
        "description": "",
        "category": 5,
        "date_included": null,
        "operation": "",
        "database_unit": "",
        "format": "GeoTiff",
        "format_description": "",
        "format_unit": "",
        "spatial_details": "",
        "spatial_coverage": "",
        "temporal_details": "",
        "temporal_coverage": "",
        "source": "",
        "source_link": "",
        "language": "",
        "license": "",
        "date_published": "",
        "date_last_accessed": null,
        "citation": "",
        "related_to": []
    }
},
{
    "model": "datalayers.datalayer",
    "pk": 38,
    "fields": {
        "created_at": "2024-07-24T11:08:22.446Z",
        "updated_at": "2024-07-25T08:20:34.608Z",
        "key": "koeppen_cs",
        "name": "Temperate, dry summer climate coverage",
        "description": "",
        "category": 5,
        "date_included": null,
        "operation": "",
        "database_unit": "",
        "format": "GeoTiff",
        "format_description": "",
        "format_unit": "",
        "spatial_details": "",
        "spatial_coverage": "",
        "temporal_details": "",
        "temporal_coverage": "",
        "source": "",
        "source_link": "",
        "language": "",
        "license": "",
        "date_published": "",
        "date_last_accessed": null,
        "citation": "",
        "related_to": []
    }
},
{
    "model": "datalayers.datalayer",
    "pk": 39,
    "fields": {
        "created_at": "2024-07-24T11:08:25.953Z",
        "updated_at": "2024-07-25T08:20:34.609Z",
        "key": "koeppen_cw",
        "name": "Temperate, dry winter climate coverage",
        "description": "",
        "category": 5,
        "date_included": null,
        "operation": "",
        "database_unit": "",
        "format": "GeoTiff",
        "format_description": "",
        "format_unit": "",
        "spatial_details": "",
        "spatial_coverage": "",
        "temporal_details": "",
        "temporal_coverage": "",
        "source": "",
        "source_link": "",
        "language": "",
        "license": "",
        "date_published": "",
        "date_last_accessed": null,
        "citation": "",
        "related_to": []
    }
},
{
    "model": "datalayers.datalayer",
    "pk": 40,
    "fields": {
        "created_at": "2024-07-24T11:08:28.777Z",
        "updated_at": "2024-07-25T08:20:34.609Z",
        "key": "koeppen_cf",
        "name": "Temperate, no dry season climate coverage",
        "description": "",
        "category": 5,
        "date_included": null,
        "operation": "",
        "database_unit": "",
        "format": "GeoTiff",
        "format_description": "",
        "format_unit": "",
        "spatial_details": "",
        "spatial_coverage": "",
        "temporal_details": "",
        "temporal_coverage": "",
        "source": "",
        "source_link": "",
        "language": "",
        "license": "",
        "date_published": "",
        "date_last_accessed": null,
        "citation": "",
        "related_to": []
    }
},
{
    "model": "datalayers.datalayer",
    "pk": 41,
    "fields": {
        "created_at": "2024-07-24T11:08:32.308Z",
        "updated_at": "2024-07-25T08:20:34.610Z",
        "key": "koeppen_ds",
        "name": "Cold, dry summer climate coverage",
        "description": "",
        "category": 5,
        "date_included": null,
        "operation": "",
        "database_unit": "",
        "format": "GeoTiff",
        "format_description": "",
        "format_unit": "",
        "spatial_details": "",
        "spatial_coverage": "",
        "temporal_details": "",
        "temporal_coverage": "",
        "source": "",
        "source_link": "",
        "language": "",
        "license": "",
        "date_published": "",
        "date_last_accessed": null,
        "citation": "",
        "related_to": []
    }
},
{
    "model": "datalayers.datalayer",
    "pk": 42,
    "fields": {
        "created_at": "2024-07-24T11:08:35.328Z",
        "updated_at": "2024-07-25T08:20:34.611Z",
        "key": "koeppen_dw",
        "name": "Cold, dry winter climate coverage",
        "description": "",
        "category": 5,
        "date_included": null,
        "operation": "",
        "database_unit": "",
        "format": "GeoTiff",
        "format_description": "",
        "format_unit": "",
        "spatial_details": "",
        "spatial_coverage": "",
        "temporal_details": "",
        "temporal_coverage": "",
        "source": "",
        "source_link": "",
        "language": "",
        "license": "",
        "date_published": "",
        "date_last_accessed": null,
        "citation": "",
        "related_to": []
    }
},
{
    "model": "datalayers.datalayer",
    "pk": 43,
    "fields": {
        "created_at": "2024-07-24T11:08:37.970Z",
        "updated_at": "2024-07-25T08:20:34.612Z",
        "key": "koeppen_df",
        "name": "Cold, no dry season climate coverage",
        "description": "",
        "category": 5,
        "date_included": null,
        "operation": "",
        "database_unit": "",
        "format": "GeoTiff",
        "format_description": "",
        "format_unit": "",
        "spatial_details": "",
        "spatial_coverage": "",
        "temporal_details": "",
        "temporal_coverage": "",
        "source": "",
        "source_link": "",
        "language": "",
        "license": "",
        "date_published": "",
        "date_last_accessed": null,
        "citation": "",
        "related_to": []
    }
},
{
    "model": "datalayers.datalayer",
    "pk": 44,
    "fields": {
        "created_at": "2024-07-24T11:08:40.922Z",
        "updated_at": "2024-07-25T08:20:34.613Z",
        "key": "koeppen_et",
        "name": "Polar, tundra climate coverage",
        "description": "",
        "category": 5,
        "date_included": null,
        "operation": "",
        "database_unit": "",
        "format": "GeoTiff",
        "format_description": "",
        "format_unit": "",
        "spatial_details": "",
        "spatial_coverage": "",
        "temporal_details": "",
        "temporal_coverage": "",
        "source": "",
        "source_link": "",
        "language": "",
        "license": "",
        "date_published": "",
        "date_last_accessed": null,
        "citation": "",
        "related_to": []
    }
},
{
    "model": "datalayers.datalayer",
    "pk": 45,
    "fields": {
        "created_at": "2024-07-24T11:08:43.578Z",
        "updated_at": "2024-07-25T08:20:34.598Z",
        "key": "koeppen_ef",
        "name": "Polar, frost climate coverage",
        "description": "",
        "category": 5,
        "date_included": null,
        "operation": "",
        "database_unit": "",
        "format": "GeoTiff",
        "format_description": "",
        "format_unit": "",
        "spatial_details": "",
        "spatial_coverage": "",
        "temporal_details": "",
        "temporal_coverage": "",
        "source": "",
        "source_link": "",
        "language": "",
        "license": "",
        "date_published": "",
        "date_last_accessed": null,
        "citation": "",
        "related_to": []
    }
},
{
    "model": "datalayers.datalayer",
    "pk": 47,
    "fields": {
        "created_at": "2024-07-30T09:10:51.838Z",
        "updated_at": "2024-08-13T14:26:30.528Z",
        "key": "meteo_tavg",
        "name": "Average temperature (station)",
        "description": "",
        "category": 1,
        "date_included": "2023-06-14",
        "operation": "Minimum",
        "database_unit": "Celsius per day",
        "format": "API",
        "format_description": "",
        "format_unit": "Celsius per day",
        "spatial_details": "Coordinates",
        "spatial_coverage": "Ghana",
        "temporal_details": "Daily/Hourly",
        "temporal_coverage": "Depends on weather station",
        "source": "Meteostat",
        "source_link": "https://dev.meteostat.net/python/stations.html",
        "language": "eng",
        "license": "CC-BY-NC-4.0",
        "date_published": "",
        "date_last_accessed": null,
        "citation": "",
        "related_to": [
            20,
            21
        ]
    }
},
{
    "model": "datalayers.datalayer",
    "pk": 48,
    "fields": {
        "created_at": "2024-07-30T09:59:34.207Z",
        "updated_at": "2024-08-02T11:19:14.282Z",
        "key": "dhs_drinkwater",
        "name": "Access to clean drinking water",
        "description": "Proportion of households whose main source of drinking water is an improved water source",
        "category": 6,
        "date_included": "2024-07-26",
        "operation": "Mean",
        "database_unit": "Fraction",
        "format": "API",
        "format_description": "",
        "format_unit": "Fraction",
        "spatial_details": "Regional",
        "spatial_coverage": "Ghana",
        "temporal_details": "Cross-sectional",
        "temporal_coverage": "1991/92; 1996; 1999; 2003/04; 2007/08; 2010; 2011/12; 2015/16; 2017; 2022",
        "source": "DHS Program (STATcompiler)",
        "source_link": "https://www.statcompiler.com/en/",
        "language": "en",
        "license": "CC BY-ND 4.0",
        "date_published": "",
        "date_last_accessed": null,
        "citation": "",
        "related_to": []
    }
},
{
    "model": "datalayers.datalayersource",
    "pk": 1,
    "fields": {
        "created_at": "2024-04-10T15:51:50.434Z",
        "updated_at": "2024-04-10T15:51:50.434Z",
        "datalayer": 6,
        "pid_type": "DOI",
        "pid": "10.3390/rs12061044",
        "description": "Publication",
        "datacite": null,
        "datacite_fetched_at": null
    }
},
{
    "model": "datalayers.datalayersource",
    "pk": 2,
    "fields": {
        "created_at": "2024-04-10T15:51:50.440Z",
        "updated_at": "2024-04-10T15:51:50.440Z",
        "datalayer": 6,
        "pid_type": "DOI",
        "pid": "10.5281/zenodo.3939038",
        "description": "Data 2015",
        "datacite": null,
        "datacite_fetched_at": null
    }
},
{
    "model": "datalayers.datalayersource",
    "pk": 3,
    "fields": {
        "created_at": "2024-04-10T15:51:50.440Z",
        "updated_at": "2024-04-10T15:51:50.440Z",
        "datalayer": 6,
        "pid_type": "DOI",
        "pid": "10.5281/zenodo.3518026",
        "description": "Data 2016",
        "datacite": null,
        "datacite_fetched_at": null
    }
},
{
    "model": "datalayers.datalayersource",
    "pk": 4,
    "fields": {
        "created_at": "2024-04-10T15:51:50.440Z",
        "updated_at": "2024-04-10T15:51:50.440Z",
        "datalayer": 6,
        "pid_type": "DOI",
        "pid": "10.5281/zenodo.3518036",
        "description": "Data 2017",
        "datacite": null,
        "datacite_fetched_at": null
    }
},
{
    "model": "datalayers.datalayersource",
    "pk": 5,
    "fields": {
        "created_at": "2024-04-10T15:51:50.440Z",
        "updated_at": "2024-04-10T15:51:50.440Z",
        "datalayer": 6,
        "pid_type": "DOI",
        "pid": "10.5281/zenodo.3518038",
        "description": "Data 2018",
        "datacite": null,
        "datacite_fetched_at": null
    }
},
{
    "model": "datalayers.datalayersource",
    "pk": 6,
    "fields": {
        "created_at": "2024-04-10T15:51:50.441Z",
        "updated_at": "2024-04-10T15:51:50.441Z",
        "datalayer": 6,
        "pid_type": "DOI",
        "pid": "10.5281/zenodo.3939050",
        "description": "Data 2019",
        "datacite": null,
        "datacite_fetched_at": null
    }
},
{
    "model": "datalayers.datalayersource",
    "pk": 7,
    "fields": {
        "created_at": "2024-05-13T17:34:37.081Z",
        "updated_at": "2024-05-13T17:34:37.081Z",
        "datalayer": 28,
        "pid_type": "DOI",
        "pid": "10.1038/s41591-020-1059-1",
        "description": "Publication",
        "datacite": null,
        "datacite_fetched_at": null
    }
},
{
    "model": "datalayers.datalayersource",
    "pk": 13,
    "fields": {
        "created_at": "2024-05-23T10:50:02.222Z",
        "updated_at": "2024-05-23T10:50:02.222Z",
        "datalayer": 24,
        "pid_type": "DOI",
        "pid": "10.1371/journal.pone.0107042",
        "description": "Publication",
        "datacite": null,
        "datacite_fetched_at": null
    }
},
{
    "model": "datalayers.datalayersource",
    "pk": 14,
    "fields": {
        "created_at": "2024-05-23T10:53:59.151Z",
        "updated_at": "2024-05-23T10:53:59.151Z",
        "datalayer": 25,
        "pid_type": "DOI",
        "pid": "10.5258/SOTON/WP00675",
        "description": "Data",
        "datacite": null,
        "datacite_fetched_at": null
    }
}
]
